molecule,pocket_name,smiles,Ro5,qed,sas,sas0-1,logp,tpsa,np,weight
<rdkit.Chem.rdchem.Mol object at 0x7f7cd414e040>,7dpu,O=C1C(NS(=O)(=O)c2ccc3cc(Cl)ccc3c2)CCN1c1ccc(C2CCCN2)cc1F,5,0.5666563841951688,3.3290503440770625,0.74,4.140600000000003,78.51,-1.3118095739439148,487.9840000000003
<rdkit.Chem.rdchem.Mol object at 0x7f7cd414e970>,7dpu,CC(=O)NC1C(=NOC(=O)Nc2ccccc2)OC(CO)C(O)C1O,5,0.3499827886768924,3.7871481652572836,0.69,-0.8338000000000008,149.70999999999998,0.11992760685600803,353.3310000000001
<rdkit.Chem.rdchem.Mol object at 0x7f7cd414eba0>,7dpu,O=C(O)CC1=CN(c2cncc(-n3ncc4ccc(NC5CCCC5)cc43)n2)CC1,5,0.6459610677216153,3.1743871446263032,0.76,3.7387000000000024,96.17,-1.0261911912490669,404.4740000000003
<rdkit.Chem.rdchem.Mol object at 0x7f7cd414ecf0>,7dpu,CC(=O)NC1C(O)C(CCCc2ccc(C)cc2)=C(C(=O)O)OC1C(O)C(O)CO,4,0.3142609804927783,4.168705678568534,0.65,-0.36507999999999974,156.55,0.77515737852896,423.4620000000001
<rdkit.Chem.rdchem.Mol object at 0x7f7cd414edd0>,7dpu,COC1CN(CC(=O)Nc2ccc(-n3ccccc3=O)cc2F)CC1NC(=O)c1ccc(Cl)s1,4,0.5159675906310052,3.3633888874194735,0.74,2.7592,92.66999999999999,-1.9513012632551419,504.97100000000023
<rdkit.Chem.rdchem.Mol object at 0x7f7cd414ec10>,7dpu,CC(=O)NC1CN(C(=O)c2ccc(N3CCOCC3)cc2)CC1C(=O)Nc1ccc(Cl)cc1Cl,4,0.6523204866651319,3.1153638874194733,0.76,3.0454000000000017,90.98000000000002,-1.6479384040827583,505.40200000000016
<rdkit.Chem.rdchem.Mol object at 0x7f7cd414ef90>,7dpu,NS(=O)(=O)N1CC(C(=O)Nc2ccc(Cl)cc2)C(C(=O)Nc2ccc(-n3ccccc3=O)cc2F)C1,4,0.4435310701305194,3.356600539075142,0.74,1.9587,143.6,-1.772525791317014,533.9690000000002
<rdkit.Chem.rdchem.Mol object at 0x7f7cd414ed60>,7dpu,CC(=O)Nc1cc(Nc2cc(NC3CC3)n3ncc(C#N)c3n2)ccc1N(C)CCN,5,0.4364422500424543,2.9464617937880746,0.78,2.2721799999999996,136.4,-1.8919201738477838,419.4930000000002
<rdkit.Chem.rdchem.Mol object at 0x7f7cd414ec80>,7dpu,COC1=CC(=O)C2C(=O)OC(C)CCCC(=O)C(O)C(O)CC=CC2=C1,5,0.5273282620367142,4.918311179604506,0.56,0.9947999999999992,110.13000000000002,1.8416672652580022,364.394
<rdkit.Chem.rdchem.Mol object at 0x7f7cd49ea040>,7dpu,NS(=O)(=O)N1CC(C(=O)Nc2ccc(Cl)cc2)C(C(=O)Nc2ccc(-n3ccccc3=O)cc2F)C1,4,0.4435310701305194,3.356600539075142,0.74,1.9587,143.6,-1.772525791317014,533.9690000000002
<rdkit.Chem.rdchem.Mol object at 0x7f7cd49ea270>,7dpu,CC(=O)NC1C(=NOC(=O)Nc2ccccc2)OC(CO)C(O)C1O,5,0.3499827886768924,3.7871481652572836,0.69,-0.8338000000000008,149.70999999999998,0.11992760685600803,353.3310000000001
<rdkit.Chem.rdchem.Mol object at 0x7f7cd49ea200>,7dpu,O=P(O)(O)Oc1ccc2cc(C(P(=O)(O)O)P(=O)(O)O)ccc2c1,4,0.40525999470544083,3.0079492875065013,0.78,1.6653000000000004,181.82,0.32014876081619176,398.13700000000006
<rdkit.Chem.rdchem.Mol object at 0x7f7cd49ea350>,7dpu,CC(=O)Nc1cc(Nc2cc(NC3CC3)n3ncc(C#N)c3n2)ccc1N(C)CCN1CCOCC1,5,0.41617848377959765,2.976354420889738,0.78,2.6456800000000005,122.85,-2.1096580282044943,489.5840000000004
<rdkit.Chem.rdchem.Mol object at 0x7f7cd49ea430>,7dpu,O=C(O)C1CCCCC1C(=O)N1CCc2ccccc2C1CN1Cc2ccccc2C1=O,5,0.7999133556347846,3.4687463123282996,0.73,3.6594000000000024,77.92,-0.19768244719023434,432.5200000000002
<rdkit.Chem.rdchem.Mol object at 0x7f7cd49ea510>,7dpu,COc1cccc(Cn2c(C(=O)NC3CCN(C(C)C)CC3)cc3ccccc32)c1,5,0.6650789437567365,2.1822015819331817,0.87,4.300800000000003,46.5,-1.5386809626928266,405.5420000000002
<rdkit.Chem.rdchem.Mol object at 0x7f7cd49ea5f0>,7dpu,CC(=O)NCC1CN(c2ccc(N3CCOCC3)c(F)c2)C(=O)O1,5,0.8915973887511962,2.7591682278505534,0.8,1.1235999999999997,71.11,-1.8234086927314916,337.35100000000006
<rdkit.Chem.rdchem.Mol object at 0x7f7cd49ea660>,7dpu,COc1ccc(NC(=O)COc2ccccc2P(=O)(O)O)cc1,5,0.6903606658534862,2.0401318402815267,0.88,1.5156999999999996,105.09,-1.1300316080935433,337.26800000000003
<rdkit.Chem.rdchem.Mol object at 0x7f7cd49ea580>,7dpu,CS(=O)(=O)Nc1cccc(CC(=O)Nc2nc(C3=CN=C4N=CC=CC34)cs2)c1,5,0.7378225269740021,3.6041131268242736,0.71,2.7056000000000013,112.88,-1.3003354487742003,427.5110000000001
<rdkit.Chem.rdchem.Mol object at 0x7f7cd49ea740>,7dpu,CN1CCc2nc(C(=O)Nc3ccccc3CNC(=O)c3ccc(Cl)s3)sc2C1,5,0.6201526113580531,2.536154448861355,0.83,4.028200000000003,74.33000000000001,-2.16413180797811,446.9850000000002
<rdkit.Chem.rdchem.Mol object at 0x7f7cd49ea820>,7dpu,CN1CCc2nc(C(=O)N3CCN(S(=O)(=O)c4ccc5cc(Cl)ccc5c4)CC3C(N)=O)sc2C1,4,0.5475065669991779,3.2343654853570385,0.75,1.9382000000000001,116.91,-1.821859297928965,534.0630000000001
<rdkit.Chem.rdchem.Mol object at 0x7f7cd49ea890>,7dpu,O=C(O)C1CCN(C2C(CO)OC(n3ccc(=O)[nH]c3=O)C2O)CC1,4,0.48296305968882136,3.7954638843208297,0.69,-2.0475999999999974,145.08999999999997,0.73675684079376,355.34700000000015
<rdkit.Chem.rdchem.Mol object at 0x7f7cd49ea900>,7dpu,N#Cc1ccc(OCCCN2CCC(C(O)(c3ccccc3)C3CCCC3)CC2)cc1,5,0.6048816175181486,2.906473215772813,0.79,5.117180000000005,56.489999999999995,-0.9598283099307295,418.58100000000024
<rdkit.Chem.rdchem.Mol object at 0x7f7cd49ea9e0>,7dpu,O=C(c1cc2c(ccc[n+]2[O-])s1)N1CCN(S(=O)(=O)C2=NC3C=CC(Cl)=CC3=C2)CC1,5,0.488923928075115,4.058349606689588,0.66,2.0219,96.99,-1.1503939203155258,476.96700000000016
<rdkit.Chem.rdchem.Mol object at 0x7f7cd49eaa50>,7dpu,N#Cc1ccc(OCCCN2CCC(C(O)(c3ccccn3)C3CCCC3)CC2)cc1,5,0.637614033426709,3.0817427001346065,0.77,4.512180000000004,69.38,-1.1418500727112455,419.56900000000024
<rdkit.Chem.rdchem.Mol object at 0x7f7cd49ea7b0>,7dpu,Cc1cc(C)c(C)c(S(=O)(=O)Nc2ccc(N3CCC(C(=O)O)C3)c3ccccc23)c1C,5,0.5815044861716688,2.8378190091194906,0.8,4.785180000000004,86.71000000000001,-1.3117277548896287,452.5760000000003
<rdkit.Chem.rdchem.Mol object at 0x7f7cd49ea2e0>,7dpu,O=C(C1CC1)N1CCC(Cc2n[nH]c(=O)n2-c2ccc(-c3ccc4occc4c3)cc2Cl)C1,5,0.4752532422395015,3.1956795009328633,0.76,4.428200000000004,84.13000000000001,-1.201544839940979,462.93700000000024
<rdkit.Chem.rdchem.Mol object at 0x7f7cd49eacf0>,7dpu,O=C(NCCNC(=O)c1ccc(Cl)s1)c1ccc(-n2ccccc2=O)cc1,5,0.6230598320689966,2.171479608191669,0.87,2.712200000000001,80.2,-1.7260088574831856,401.8750000000001
<rdkit.Chem.rdchem.Mol object at 0x7f7cd49ead60>,7dpu,N#Cc1ccc(OCCCN2CCC(C(O)(c3ccccc3)C3CCCC3)CC2)cc1,5,0.6048816175181486,2.906473215772813,0.79,5.117180000000005,56.489999999999995,-0.9598283099307295,418.58100000000024
<rdkit.Chem.rdchem.Mol object at 0x7f7cd49eac10>,7dpu,N#Cc1ccc(OCCCN2CCC(C(O)(c3ccccn3)C3CCCC3)CC2)cc1,5,0.637614033426709,3.0817427001346065,0.77,4.512180000000004,69.38,-1.1418500727112455,419.56900000000024
<rdkit.Chem.rdchem.Mol object at 0x7f7cd49eae40>,7dpu,N#Cc1ccc(OCCCN2CCC(C(O)(c3ccccn3)C3CCCC3)CC2)cc1,5,0.637614033426709,3.0817427001346065,0.77,4.512180000000004,69.38,-1.1418500727112455,419.56900000000024
<rdkit.Chem.rdchem.Mol object at 0x7f7cd49eaeb0>,7dpu,Cc1c2c(c(C)c3c1=NC1=CC=C(O)CC=31)C(=O)N=CC2,5,0.7829410129350171,4.286744011566459,0.63,1.5839400000000001,62.02,0.7385738790044525,278.31100000000004
<rdkit.Chem.rdchem.Mol object at 0x7f7cd49eaba0>,7dpu,CN1CCN(Cc2csc(C(=O)Nc3ccc(Cl)cc3C(=O)Nc3ccc(Cl)cc3)c2Cl)CC1,4,0.40716796758233315,2.3659301308845553,0.85,5.960300000000005,64.67999999999999,-1.774109758777741,537.9
<rdkit.Chem.rdchem.Mol object at 0x7f7cd49eaf90>,7dpu,Cc1cccc2c(C#N)c(C(=O)NC3CCN(C(C)C)CC3)n(Cc3cc(-c4ccc(Cl)s4)on3)c12,4,0.34406204534363655,3.0382086931737087,0.77,5.842200000000005,87.09,-1.9865188605014354,522.0740000000003
<rdkit.Chem.rdchem.Mol object at 0x7f7cd49eaf20>,7dpu,CC(=O)NC1C(NOC(=O)Nc2ccccc2)OC(CO)C(O)C1O,4,0.35632571812990976,3.828644606273059,0.69,-1.3165999999999993,149.38,0.5688930387302882,355.3470000000001
<rdkit.Chem.rdchem.Mol object at 0x7f7cd49eaac0>,7dpu,O=C1CN(S(=O)(=O)C=Cc2ccc(Cl)cc2)CCN1CC1CCN(c2ccncc2)CC1,5,0.6428109542705819,2.660049367813995,0.82,3.096300000000002,73.82000000000001,-1.4697526894726343,475.01400000000035
<rdkit.Chem.rdchem.Mol object at 0x7f7cd4536270>,7dpu,CN1CCc2nc(C(=O)N3CCN(S(=O)(=O)c4ccc5cc(Cl)ccc5c4)CC3C(N)=O)sc2C1,4,0.5475065669991779,3.2343654853570385,0.75,1.9382000000000001,116.91,-1.821859297928965,534.0630000000001
<rdkit.Chem.rdchem.Mol object at 0x7f7cd4536200>,7dpu,CC(=O)NC1C(=NOC(=O)Nc2ccccc2)OC(CO)C(O)C1O,5,0.3499827886768924,3.7871481652572836,0.69,-0.8338000000000008,149.70999999999998,0.11992760685600803,353.3310000000001
<rdkit.Chem.rdchem.Mol object at 0x7f7cd45362e0>,7dpu,CC(C)N1CCC(NS(=O)(=O)CCNC(=O)c2ccc(Cl)s2)CC1,5,0.7413943170208069,2.451248887906104,0.84,1.9235000000000002,78.51,-2.279182933579763,393.9620000000001
<rdkit.Chem.rdchem.Mol object at 0x7f7cd45363c0>,7dpu,CC(=N)N1CCC(Oc2ccc(C(Cc3ccc4ccc(C(=N)N)cc4c3)C(=O)O)cc2)C1,5,0.3241026510087645,3.351373204538497,0.74,3.9850400000000015,123.49000000000002,-0.05578867236421814,444.5350000000002
<rdkit.Chem.rdchem.Mol object at 0x7f7cd4536430>,7dpu,O=C(O)C1CCCCC1C(=O)N1CCc2ccccc2C1CN1Cc2ccccc2C1=O,5,0.7999133556347846,3.4687463123282996,0.73,3.6594000000000024,77.92,-0.19768244719023434,432.5200000000002
<rdkit.Chem.rdchem.Mol object at 0x7f7cd4536580>,7dpu,O=C(O)c1ccc2cc(C3=NC=CC3)cc(-c3cccc4ccccc34)c2n1,5,0.5249462033679283,2.6711308092030013,0.81,5.459700000000004,62.55,-0.07261580392126785,364.40400000000005
<rdkit.Chem.rdchem.Mol object at 0x7f7cd45365f0>,7dpu,Cc1cc(C)n(-c2cc(N3CCc4ccccc4C3)ccc2[N+](=O)[O-])n1,5,0.530765288549579,2.3434814645156354,0.85,3.960040000000003,64.2,-1.9253127812937227,348.40600000000006
<rdkit.Chem.rdchem.Mol object at 0x7f7cd45366d0>,7dpu,CS(=O)(=O)Nc1ccc2c(c1)S(=O)(=O)NC(C1=C(O)C3CCCC3N(Cc3ccc(F)cc3)C1=O)=N2,4,0.5376080308623579,3.937434231382836,0.67,2.5423,145.24,-0.9993362291888861,534.5910000000003
<rdkit.Chem.rdchem.Mol object at 0x7f7cd4536740>,7dpu,O=C(Nc1ccccc1S(=O)(=O)Nc1ccc(Cl)cn1)c1ccc(-n2ccccc2=O)cc1,5,0.4340539738072846,2.2866588850053216,0.86,3.939000000000002,110.16,-1.9691953514726364,480.93300000000016
<rdkit.Chem.rdchem.Mol object at 0x7f7cd45367b0>,7dpu,CC(C)N1CCCC1C(=O)N1CCC(n2cnc3c2C2C=CN=C2N=C3)CC1,5,0.8085197948786721,4.330594239231769,0.63,2.3613,66.09,-0.5210832428031572,380.49600000000015
<rdkit.Chem.rdchem.Mol object at 0x7f7cd4536900>,7dpu,O=C1C(NS(=O)(=O)c2ccc3cc(Cl)ccc3c2)CCN1c1ccc2c(c1F)CCNC2,5,0.6087443881640702,3.20500175329839,0.75,3.3618000000000015,78.51,-1.2853472709856277,473.95700000000033
<rdkit.Chem.rdchem.Mol object at 0x7f7cd45369e0>,7dpu,NS(=O)(=O)N1CC(C(=O)Nc2ccc(Cl)cc2)C(C(=O)Nc2ccc(-n3ccccc3=O)cc2F)C1,4,0.4435310701305194,3.356600539075142,0.74,1.9587,143.6,-1.772525791317014,533.9690000000002
<rdkit.Chem.rdchem.Mol object at 0x7f7cd4536a50>,7dpu,NS(=O)(=O)N1CC(C(=O)Nc2ccc(Cl)cc2)C(C(=O)Nc2ccc(-n3ccccc3=O)cc2F)C1,4,0.4435310701305194,3.356600539075142,0.74,1.9587,143.6,-1.772525791317014,533.9690000000002
<rdkit.Chem.rdchem.Mol object at 0x7f7cd4536ac0>,7dpu,O=C1C(NS(=O)(=O)c2ccc3cc(Cl)ccc3c2)CCN1c1ccc(C2CCN2)cc1F,5,0.5912600842774788,3.2986219412385465,0.74,3.7505000000000024,78.51,-1.344135539286378,473.9570000000003
<rdkit.Chem.rdchem.Mol object at 0x7f7cd4536ba0>,7dpu,O=C1CC2=c3cc([N+](=O)[O-])ccc3=NC2c2ccccc2N1,5,0.6378345752635828,3.379241812721501,0.74,1.4621999999999997,84.6,-0.6272861971275591,293.28200000000004
<rdkit.Chem.rdchem.Mol object at 0x7f7cd4536c10>,7dpu,CC(=O)NC1C(O)C(CCCc2ccc(C)cc2)=C(C(=O)O)OC1C(O)C(O)CO,4,0.3142609804927783,4.168705678568534,0.65,-0.36507999999999974,156.55,0.77515737852896,423.4620000000001
<rdkit.Chem.rdchem.Mol object at 0x7f7cd4536970>,7dpu,O=C1CN(S(=O)(=O)C=Cc2ccc(Cl)s2)CCN1CC1C=c2cnccc2=N1,5,0.691196379833473,3.9929569617358682,0.67,0.7237,82.94000000000001,-1.311473258828179,436.9460000000002
<rdkit.Chem.rdchem.Mol object at 0x7f7cd4536d60>,7dpu,NS(=O)(=O)N1CC(C(=O)Nc2ccc(Cl)cc2)C(C(=O)Nc2ccc(-n3ccccc3=O)cc2F)C1,4,0.4435310701305194,3.356600539075142,0.74,1.9587,143.6,-1.772525791317014,533.9690000000002
<rdkit.Chem.rdchem.Mol object at 0x7f7cd4536dd0>,7dpu,CC(=O)NC1C(=NOC(=O)Nc2ccccc2)OC(CO)C(O)C1O,5,0.3499827886768924,3.7871481652572836,0.69,-0.8338000000000008,149.70999999999998,0.11992760685600803,353.3310000000001
<rdkit.Chem.rdchem.Mol object at 0x7f7cd4536c80>,7dpu,N#Cc1ccc(OCCCN2CCC(C(O)(c3ccccc3)C3CCCC3)CC2)cc1,5,0.6048816175181486,2.906473215772813,0.79,5.117180000000005,56.489999999999995,-0.9598283099307295,418.58100000000024
<rdkit.Chem.rdchem.Mol object at 0x7f7cd4536890>,7dpu,CC(=O)Nc1cc(NC2=Nc3c(C#N)cnn3C(=NC3CC3)C2)ccc1C1CC1CN,5,0.6890023555399553,4.3005806856617905,0.63,2.73018,133.48,-0.9408106028541391,416.48900000000026
<rdkit.Chem.rdchem.Mol object at 0x7f7cd4536f20>,7dpu,CC(=O)NC1C(=NOC(=O)Nc2ccccc2)OC(CO)C(O)C1O,5,0.3499827886768924,3.7871481652572836,0.69,-0.8338000000000008,149.70999999999998,0.11992760685600803,353.3310000000001
<rdkit.Chem.rdchem.Mol object at 0x7f7cd4536f90>,7dpu,O=C(O)C1CCN(C2C(CO)OC(n3ccc(=O)[nH]c3=O)C2O)CC1,4,0.48296305968882136,3.7954638843208297,0.69,-2.0475999999999974,145.08999999999997,0.73675684079376,355.34700000000015
<rdkit.Chem.rdchem.Mol object at 0x7f7cd4536e40>,7dpu,COC1=CC(=O)C2C(=O)OC(C)CCCC(=O)C(O)C(O)CC=CC2=C1,5,0.5273282620367142,4.918311179604506,0.56,0.9947999999999992,110.13000000000002,1.8416672652580022,364.394
<rdkit.Chem.rdchem.Mol object at 0x7f7cd4536660>,7dpu,O=C1C(NS(=O)(=O)c2ccc3cc(Cl)ccc3c2)CCN1c1ccc2c(c1F)CCNC2,5,0.6087443881640702,3.20500175329839,0.75,3.3618000000000015,78.51,-1.2853472709856277,473.95700000000033
<rdkit.Chem.rdchem.Mol object at 0x7f7cd4536b30>,7dpu,N#Cc1ccc(OCCCN2CCC(C(N)(c3ccccc3)C3CCCC3)CC2)cc1,5,0.6082763602509319,2.9903885158573438,0.78,5.083580000000005,62.28,-1.0099042859734229,417.59700000000026
<rdkit.Chem.rdchem.Mol object at 0x7f7cd496c200>,7dpu,CC(=O)NC1C(=NOC(=O)Nc2ccccc2)OC(CO)C(O)C1O,5,0.3499827886768924,3.7871481652572836,0.69,-0.8338000000000008,149.70999999999998,0.11992760685600803,353.3310000000001
<rdkit.Chem.rdchem.Mol object at 0x7f7cd496c270>,7dpu,NS(=O)(=O)N1CC(C(=O)Nc2ccc(Cl)cc2)C(C(=O)Nc2ccc(-n3ccccc3=O)cc2F)C1,4,0.4435310701305194,3.356600539075142,0.74,1.9587,143.6,-1.772525791317014,533.9690000000002
<rdkit.Chem.rdchem.Mol object at 0x7f7cd496c350>,7dpu,FCc1nnc(N2CCN(c3ncnc4sc(CC(F)(F)F)cc34)CC2)s1,5,0.6053034867462739,3.041082804994864,0.77,3.4437000000000024,58.040000000000006,-2.0387151688216254,418.44500000000016
<rdkit.Chem.rdchem.Mol object at 0x7f7cd496c2e0>,7dpu,O=CNC1=CC2C(=Nc3cc(-c4ccccc4Cl)c4c(c32)C(=O)NC4=O)C=C1,5,0.6235256690566654,3.9685721540435592,0.67,3.2600000000000016,87.63,0.08892699541247144,389.7980000000002
<rdkit.Chem.rdchem.Mol object at 0x7f7cd496c4a0>,7dpu,O=C1CN(S(=O)(=O)C=Cc2ccc(Cl)cc2)CCN1CC1CCN(c2ccncc2)CC1,5,0.6428109542705819,2.660049367813995,0.82,3.096300000000002,73.82000000000001,-1.4697526894726343,475.01400000000035
<rdkit.Chem.rdchem.Mol object at 0x7f7cd496c0b0>,7dpu,NS(=O)(=O)N1CC(C(=O)Nc2ccc(Cl)cc2)C(C(=O)Nc2ccc(-n3ccccc3=O)cc2F)C1,4,0.4435310701305194,3.356600539075142,0.74,1.9587,143.6,-1.772525791317014,533.9690000000002
<rdkit.Chem.rdchem.Mol object at 0x7f7cd496c510>,7dpu,N#Cc1ccc(OCCCN2CCC(C(O)(c3ccccc3)C3CCCC3)CC2)cc1,5,0.6048816175181486,2.906473215772813,0.79,5.117180000000005,56.489999999999995,-0.9598283099307295,418.58100000000024
<rdkit.Chem.rdchem.Mol object at 0x7f7cd496c190>,7dpu,Cc1cccc2c(C#N)c(C(=O)NC3CCN(C(C)C)CC3)n(Cc3cc(-c4ccc(Cl)s4)on3)c12,4,0.34406204534363655,3.0382086931737087,0.77,5.842200000000005,87.09,-1.9865188605014354,522.0740000000003
<rdkit.Chem.rdchem.Mol object at 0x7f7cd496c660>,7dpu,CC(=O)NCC1CN(c2ccc(N3CCOCC3)c(F)c2)C(=O)O1,5,0.8915973887511962,2.7591682278505534,0.8,1.1235999999999997,71.11,-1.8234086927314916,337.35100000000006
<rdkit.Chem.rdchem.Mol object at 0x7f7cd496c6d0>,7dpu,Cc1cccc2c(C#N)c(C(=O)NC3CCN(C(C)C)CC3)n(Cc3cc(-c4ccc(Cl)s4)on3)c12,4,0.34406204534363655,3.0382086931737087,0.77,5.842200000000005,87.09,-1.9865188605014354,522.0740000000003
<rdkit.Chem.rdchem.Mol object at 0x7f7cd496c740>,7dpu,CC(=O)NC1C(NOC(=O)Nc2ccccc2)OC(CO)C(O)C1O,4,0.35632571812990976,3.828644606273059,0.69,-1.3165999999999993,149.38,0.5688930387302882,355.3470000000001
<rdkit.Chem.rdchem.Mol object at 0x7f7cd496c430>,7dpu,O=C1CN(S(=O)(=O)C=Cc2ccc(Cl)cc2)CCN1CC1CCN(c2ccncc2)CC1,5,0.6428109542705819,2.660049367813995,0.82,3.096300000000002,73.82000000000001,-1.4697526894726343,475.01400000000035
<rdkit.Chem.rdchem.Mol object at 0x7f7cd496c580>,7dpu,CC(=O)NCC1CN(c2ccc(N3CCOCC3)c(F)c2)C(=O)O1,5,0.8915973887511962,2.7591682278505534,0.8,1.1235999999999997,71.11,-1.8234086927314916,337.35100000000006
<rdkit.Chem.rdchem.Mol object at 0x7f7cd496c820>,7dpu,O=C(c1cc2c(ccc[n+]2[O-])s1)N1CCN(S(=O)(=O)C2=NC3C=CC(Cl)=CC3=C2)CC1,5,0.488923928075115,4.058349606689588,0.66,2.0219,96.99,-1.1503939203155258,476.96700000000016
<rdkit.Chem.rdchem.Mol object at 0x7f7cd496c3c0>,7dpu,Cc1ccnc(C)c1COc1c(Cl)cc(-c2ccnc(N3CCNCC3)c2)cc1Cl,5,0.5978873822241761,2.6423334245092107,0.82,5.055840000000005,50.28000000000001,-1.0247587885435967,443.37800000000027
<rdkit.Chem.rdchem.Mol object at 0x7f7cd496c9e0>,7dpu,CC(=O)Nc1cc(Nc2cc(NC3CC3)n3ncc(C#N)c3n2)ccc1N(C)CCN,5,0.4364422500424543,2.9464617937880746,0.78,2.2721799999999996,136.4,-1.8919201738477838,419.4930000000002
<rdkit.Chem.rdchem.Mol object at 0x7f7cd496c5f0>,7dpu,O=C(C(O)CS(=O)(=O)c1ccc2cc(Cl)ccc2c1)N1CCC(N2CCCNC2=O)CC1,5,0.6820075839893888,3.122980197930681,0.76,2.0341,107.01999999999998,-1.1017677749218067,479.9860000000004
<rdkit.Chem.rdchem.Mol object at 0x7f7cd496cb30>,7dpu,N#Cc1ccc(OCCCN2CCC(C(O)(c3ccccn3)C3CCCC3)CC2)cc1,5,0.637614033426709,3.0817427001346065,0.77,4.512180000000004,69.38,-1.1418500727112455,419.56900000000024
<rdkit.Chem.rdchem.Mol object at 0x7f7cd496c970>,7dpu,CC(=O)NCC1CN(c2ccc(N3CCOCC3)c(F)c2)C(=O)O1,5,0.8915973887511962,2.7591682278505534,0.8,1.1235999999999997,71.11,-1.8234086927314916,337.35100000000006
<rdkit.Chem.rdchem.Mol object at 0x7f7cd496cc10>,7dpu,O=C1C(NS(=O)(=O)c2cc3ncccc3s2)CCN1CC1=CC2=CCN=CC2=N1,5,0.7812262265745369,4.078988322110913,0.66,1.5247999999999997,104.08999999999999,-0.9579185859381244,427.5110000000003
<rdkit.Chem.rdchem.Mol object at 0x7f7cd496cc80>,7dpu,COC1=CC(=O)C2C(=O)OC(C)CCCC(=O)C(O)C(O)CC=CC2=C1,5,0.5273282620367142,4.918311179604506,0.56,0.9947999999999992,110.13000000000002,1.8416672652580022,364.394
<rdkit.Chem.rdchem.Mol object at 0x7f7cd496cba0>,7dpu,O=C1CN(S(=O)(=O)C=Cc2ccc(Cl)cc2)CCN1CC1CCN(c2ccncc2)CC1,5,0.6428109542705819,2.660049367813995,0.82,3.096300000000002,73.82000000000001,-1.4697526894726343,475.01400000000035
<rdkit.Chem.rdchem.Mol object at 0x7f7cd496cdd0>,7dpu,N#CC1=NC2C=CC(CN3CCC(Nc4ncnc5sc(CC(F)(F)F)cc45)CC3)=CC2=C1,5,0.699176246262297,4.129688569758775,0.65,4.441780000000004,77.2,-1.1363487916692396,470.52400000000017
<rdkit.Chem.rdchem.Mol object at 0x7f7cd496cd60>,7dpu,COC1CCN(c2nccc(NC3=NCc4cc(-c5cn[nH]c5)n(C(C)C)c4C3)n2)CC1,5,0.6387008613240809,3.536594993016285,0.72,3.431000000000002,96.25000000000001,-1.3089992401597088,434.54800000000023
<rdkit.Chem.rdchem.Mol object at 0x7f7cd496cf90>,7dpu,CC(=O)Nc1cc(Nc2cc(NC3CC3)n3ncc(C#N)c3n2)ccc1N(C)CCN,5,0.4364422500424543,2.9464617937880746,0.78,2.2721799999999996,136.4,-1.8919201738477838,419.4930000000002
<rdkit.Chem.rdchem.Mol object at 0x7f7cd496cf20>,7dpu,COC1=CC2N=C(C#N)C=C2C=C1CN1CCC(Nc2ncnc3sc(CC(F)(F)F)cc23)CC1,4,0.6322827025733812,4.212965749093302,0.64,4.415880000000003,86.42999999999999,-1.031870613721163,500.55000000000024
<rdkit.Chem.rdchem.Mol object at 0x7f7cd496cac0>,7dpu,CC(C)N1CCCC1C(=O)N1CCC(n2cnc3c2C2C=CN=C2N=C3)CC1,5,0.8085197948786721,4.330594239231769,0.63,2.3613,66.09,-0.5210832428031572,380.49600000000015
<rdkit.Chem.rdchem.Mol object at 0x7f7cd496ceb0>,7dpu,N#Cc1ccc(OCCCN2CCC(C(N)(c3ccccc3)C3CCCC3)CC2)cc1,5,0.6082763602509319,2.9903885158573438,0.78,5.083580000000005,62.28,-1.0099042859734229,417.59700000000026
<rdkit.Chem.rdchem.Mol object at 0x7f7cd43cd040>,7dpu,CC(=O)NCC1CN(c2ccc(N3CCOCC3)c(F)c2)C(=O)O1,5,0.8915973887511962,2.7591682278505534,0.8,1.1235999999999997,71.11,-1.8234086927314916,337.35100000000006
<rdkit.Chem.rdchem.Mol object at 0x7f7cd43cd270>,7dpu,O=C1C(NS(=O)(=O)c2ccc3cc(Cl)ccc3c2)CCN1c1ccc2c(c1F)CCNC2,5,0.6087443881640702,3.20500175329839,0.75,3.3618000000000015,78.51,-1.2853472709856277,473.95700000000033
<rdkit.Chem.rdchem.Mol object at 0x7f7cd43cd120>,7dpu,CC(=O)NC1C(O)C(CCCc2ccc(C)cc2)=C(C(=O)O)OC1C(O)C(O)CO,4,0.3142609804927783,4.168705678568534,0.65,-0.36507999999999974,156.55,0.77515737852896,423.4620000000001
<rdkit.Chem.rdchem.Mol object at 0x7f7cd43cd350>,7dpu,NS(=O)(=O)c1ccc(OCCCN2CCC(C(O)(c3ccccn3)C3CCCC3)CC2)cc1,5,0.5415845005834906,3.0964477600421745,0.77,3.2879000000000014,105.75,-1.1491891382630912,473.63900000000024
<rdkit.Chem.rdchem.Mol object at 0x7f7cd43cd190>,7dpu,COc1ccc(-n2nc(C(N)=O)c3c2C(=O)N(c2ccc(N4CCCCC4=O)cc2)CC3)cc1,5,0.6307445123645383,2.5121485785451423,0.83,2.699600000000001,110.75999999999999,-1.0407405791855706,459.5060000000003
<rdkit.Chem.rdchem.Mol object at 0x7f7cd43cd510>,7dpu,N#Cc1ccc(OCCCN2CCC(C(O)(c3ccccc3)C3CCCC3)CC2)cc1,5,0.6048816175181486,2.906473215772813,0.79,5.117180000000005,56.489999999999995,-0.9598283099307295,418.58100000000024
<rdkit.Chem.rdchem.Mol object at 0x7f7cd43cd200>,7dpu,N#Cc1ccc(OCCCN2CCC(C(O)(c3ccccc3)C3CCCC3)CC2)cc1,5,0.6048816175181486,2.906473215772813,0.79,5.117180000000005,56.489999999999995,-0.9598283099307295,418.58100000000024
<rdkit.Chem.rdchem.Mol object at 0x7f7cd43cd580>,7dpu,O=C(NCCO)C1=CC2C(=NCN=C2Nc2ccc(Oc3cccc4sccc34)c(Cl)c2)NCC1,4,0.398717403358005,3.8487786721702246,0.68,4.171400000000002,107.34,-0.8908017308569859,510.01900000000023
<rdkit.Chem.rdchem.Mol object at 0x7f7cd43cd660>,7dpu,CC(=N)N1CCC(Oc2ccc(C(Cc3ccc4ccc(C(=N)N)cc4c3)C(=O)O)cc2)C1,5,0.3241026510087645,3.351373204538497,0.74,3.9850400000000015,123.49000000000002,-0.05578867236421814,444.5350000000002
<rdkit.Chem.rdchem.Mol object at 0x7f7cd43cd430>,7dpu,CC(=N)N1CCC(Oc2ccc(C(Cc3ccc4ccc(C(=N)N)cc4c3)C(=O)O)cc2)C1,5,0.3241026510087645,3.351373204538497,0.74,3.9850400000000015,123.49000000000002,-0.05578867236421814,444.5350000000002
<rdkit.Chem.rdchem.Mol object at 0x7f7cd43cd740>,7dpu,O=C(c1cc2c(ccc[n+]2[O-])s1)N1CCN(S(=O)(=O)C2=NC3C=CC(Cl)=CC3=C2)CC1,5,0.488923928075115,4.058349606689588,0.66,2.0219,96.99,-1.1503939203155258,476.96700000000016
